peak_date,recovery_date,era,dd_years,depth_pct,invested,dca_qqq_mult,dca_tqqq_mult,dca_tqqq_sma_qqq_mult,dca_tqqq_sma_cash_mult,dca_tqqq_dd,dca_sma_qqq_dd,naked_beats_sma,dca_tqqq_better,dca_tqqq_underwater,lump_tqqq_rt_pct
1999-03-10,1999-03-15,sim,0.013689253935660506,-1.9583884845499666,1000.0,1.0085676341221794,1.020008404811879,1.020008404811879,1.020008404811879,-7.339446124518368,-7.339446124518368,False,True,False,2.0008404811878933
1999-03-18,1999-03-29,sim,0.030116358658453114,-7.134320160627972,1000.0,1.020214347326569,1.0399926787957994,1.0399926787957994,1.0399926787957994,-20.576706950364276,-20.576706950364276,False,True,False,3.999267879579871
1999-03-29,1999-04-05,sim,0.019164955509924708,-2.156179234912947,2000.0,1.0355685176629166,1.1036791670490984,1.1036791670490984,1.1036791670490984,-6.467566256838786,-6.467566256838786,False,True,False,10.009388134996545
1999-04-09,1999-04-26,sim,0.04654346338124572,-11.254205230224324,1000.0,1.013857398810945,1.008537226718155,1.008537226718155,1.008537226718155,-31.40697232188132,-31.40697232188132,False,False,False,0.8537226718155599
1999-04-26,1999-06-21,sim,0.15331964407939766,-11.914929154246412,3000.0,1.0593930706662553,1.1360656215185243,1.1360656215185243,1.1360656215185243,-28.61292643801432,-28.61292643801432,False,True,False,-6.1970507436461375
1999-06-21,1999-06-29,sim,0.02190280629705681,-3.56799291397929,1000.0,1.0006885554195015,0.992558907575184,0.992558907575184,0.992558907575184,-10.883363529375501,-10.883363529375501,False,False,True,-0.7441092424815832
1999-07-14,1999-08-25,sim,0.11498973305954825,-10.17761320589543,2000.0,1.0551578240368804,1.1397034842202087,1.1397034842202087,1.1397034842202087,-25.497422492113873,-25.497422492113873,False,True,False,1.6937871872666044
1999-08-25,1999-09-03,sim,0.024640657084188913,-4.0142370054787495,2000.0,1.0305182734778866,1.085590233213891,1.085590233213891,1.085590233213891,-11.868298160977297,-11.868298160977297,False,True,False,4.61067871008507
1999-09-03,1999-09-10,sim,0.019164955509924708,-1.7955158619406553,1000.0,1.007480804860986,1.0187310254736486,1.0187310254736486,1.0187310254736486,-5.501145974219613,-5.501145974219613,False,True,False,1.8731025473648355
1999-09-10,1999-09-17,sim,0.019164955509924708,-2.6237200922035964,1000.0,1.0029708911978708,1.0024716911853557,1.0024716911853557,1.0024716911853557,-8.002443700454776,-8.002443700454776,False,False,False,0.24716911853555068
1999-09-17,1999-10-08,sim,0.057494866529774126,-5.923003772271751,2000.0,1.0329704327618692,1.091444017958358,1.091444017958358,1.091444017958358,-18.332558310811585,-18.332558310811585,False,True,False,0.1660746243486333
1999-10-08,1999-10-29,sim,0.057494866529774126,-7.278530885831058,1000.0,1.031245855218371,1.069161073532265,1.069161073532265,1.069161073532265,-24.34281784878366,-24.34281784878366,False,True,False,6.916107353226475
1999-11-16,1999-11-18,sim,0.0054757015742642025,-1.353634856731134,1000.0,1.0167087294065347,1.0469937428510083,1.0469937428510083,1.0469937428510083,-4.092219638686522,-4.092219638686522,False,True,False,4.699374285100877
1999-11-24,1999-12-03,sim,0.024640657084188913,-5.084701123457968,2000.0,1.03773730800764,1.1082281342224352,1.1082281342224352,1.1082281342224352,-15.907198938116007,-15.907198938116007,False,True,False,5.2033623449903255
1999-12-23,1999-12-29,sim,0.01642710472279261,-1.2123119267931526,1000.0,1.0252853114883074,1.0713361180671745,1.0713361180671745,1.0713361180671745,-3.768403961478317,-3.768403961478317,False,True,False,7.133611806717455
1999-12-29,2000-01-03,sim,0.013689253935660506,-1.2161469142157877,2000.0,1.0121624957895234,1.0343019356307368,1.0343019356307368,1.0343019356307368,-3.701058051940731,-3.701058051940731,False,True,False,6.860387126147338
2000-01-03,2000-01-19,sim,0.04380561259411362,-15.46834324655163,1000.0,1.013192413925291,0.9400293332426122,0.9400293332426122,0.9400293332426122,-41.84567173275509,-41.84567173275509,False,False,True,-5.997066675738793
2000-01-21,2000-02-03,sim,0.03559206023271732,-10.649444884207105,2000.0,1.0252213130187013,1.0566313651940942,1.0566313651940942,1.0566313651940942,-30.523304561532004,-30.523304561532004,False,True,False,-3.1451788349196264
2000-02-29,2000-03-03,sim,0.008213552361396304,-1.5148961882997747,2000.0,1.0361689478601959,1.1003515118632068,1.1003515118632068,1.1003515118632068,-6.984487559856289,-6.984487559856289,False,True,False,11.351290602738473
2000-03-09,2000-03-23,sim,0.038329911019849415,-10.543502384619918,1000.0,1.0086958682789477,0.9898415622462059,0.9898415622462059,0.9898415622462059,-29.493919078116814,-29.493919078116814,False,False,True,-1.0158437753794103
2000-03-23,2015-02-20,sim,14.913073237508556,-82.70690866631053,180000.0,2.59003844310182,5.67435955598323,5.271354089887641,4.027351985108731,-92.83197406099409,-74.39515912892654,True,True,False,-99.02665388816499
2015-03-02,2015-04-24,real,0.14510609171800137,-3.903857278766676,2000.0,1.0325953358827935,1.092992550009035,1.092992550009035,1.092992550009035,-11.426042921409095,-11.426042921409095,False,True,False,2.687415313094488
2015-04-24,2015-05-21,real,0.07392197125256673,-3.46482878594333,2000.0,1.0071958629907716,1.0173746627608862,1.0173746627608862,1.0173746627608862,-7.719829298050951,-7.719829298050951,False,True,False,-0.33230694186158205
2015-05-21,2015-05-27,real,0.01642710472279261,-1.2479745666880815,1000.0,1.003436509201289,1.009061901316908,1.009061901316908,1.009061901316908,-3.7274373715384668,-3.7274373715384668,False,True,False,0.9061901316907761
2015-05-27,2015-06-23,real,0.07392197125256673,-2.65863069926241,2000.0,1.0032115119463758,1.0066370477433715,1.0066370477433715,1.0066370477433715,-6.394718913460029,-6.394718913460029,False,True,False,-0.1270840879999846
2015-06-23,2015-07-16,real,0.06297056810403832,-4.296417249624163,2000.0,1.0238149823179217,1.0659800176550887,1.0659800176550887,1.0659800176550887,-10.782118079781133,-10.782118079781133,False,True,False,2.205661719905194
2015-07-16,2015-10-28,real,0.28473648186173856,-12.372716664685823,4000.0,1.0729408854623212,1.2044976319944698,1.2044976319944698,1.2044976319944698,-34.17307377719614,-34.17307377719614,False,True,False,1.0624483908508786
2015-11-02,2015-12-01,real,0.07939767282683094,-4.161947709497971,2000.0,1.0023995160427295,1.0044048451841454,1.0044048451841454,1.0044048451841454,-13.052150780476058,-13.052150780476058,False,True,False,0.8809690368291045
2015-12-01,2016-07-27,real,0.6543463381245722,-16.104403144890924,8000.0,1.0584326432448055,1.1443273712711441,1.1443273712711441,1.1443273712711441,-24.13055534658448,-24.13055534658448,False,True,False,-7.082194557171684
2016-09-06,2016-09-21,real,0.04106776180698152,-3.0292765384638987,1000.0,1.0050573644296183,1.0098572676124897,1.0098572676124897,1.0098572676124897,-9.164473459831502,-9.164473459831502,False,True,False,0.985726761248995
2016-10-10,2016-10-24,real,0.038329911019849415,-2.013124078782691,1000.0,1.0029353902544527,1.0073760467411619,1.0073760467411619,1.0073760467411619,-5.893180533162845,-5.893180533162845,False,True,False,0.7376046741162323
2016-10-24,2016-12-13,real,0.13689253935660506,-4.951043892990747,3000.0,1.0293740980891184,1.0828115526042186,1.0828115526042186,1.0828115526042186,-8.049492901469335,-8.049492901469335,False,True,False,1.1974916640788091
2016-12-27,2017-01-05,real,0.024640657084188913,-1.936754118126105,2000.0,1.0057698789556178,1.0177575721377397,1.0177575721377397,1.0177575721377397,-5.629736100832572,-5.629736100832572,False,True,False,0.044501202699120945
2017-03-15,2017-03-29,real,0.038329911019849415,-1.529140027674869,1000.0,1.0032176466913372,1.0083665748461257,1.0083665748461257,1.0083665748461257,-4.45847382495338,-4.45847382495338,False,True,False,0.8366574846125907
2017-04-04,2017-04-20,real,0.04380561259411362,-1.5923378299946722,1000.0,1.000603699542243,0.9994343688256089,0.9994343688256089,0.9994343688256089,-4.7387617042913615,-4.7387617042913615,False,False,True,-0.05656311743907905
2017-05-12,2017-05-24,real,0.03285420944558522,-1.8253974009483032,1000.0,1.0085136709762739,1.0221336806143138,1.0221336806143138,1.0221336806143138,-7.565330353297073,-7.565330353297073,False,True,False,2.2133680614313755
2017-06-08,2017-07-19,real,0.11225188227241616,-4.881902033594199,2000.0,1.031393569937681,1.0906744770857233,1.0906744770857233,1.0906744770857233,-12.27090749993771,-12.27090749993771,False,True,False,0.4401703819940206
2017-07-26,2017-08-31,real,0.09856262833675565,-2.6506027323390136,2000.0,1.013785630110243,1.0292516095443547,1.0292516095443547,1.0292516095443547,-7.303245506883038,-7.303245506883038,False,True,False,1.4942439578310873
2017-08-31,2017-09-12,real,0.03285420944558522,-1.3611938872452822,2000.0,1.0008213521958962,1.002079285641452,1.002079285641452,1.002079285641452,-3.6658393529743205,-3.6658393529743205,False,True,False,0.1732089669797654
2017-09-12,2017-10-05,real,0.06297056810403832,-2.1251482193553772,2000.0,1.0118007510809774,1.0330326642892453,1.0330326642892453,1.0330326642892453,-6.698226437496535,-6.698226437496535,False,True,False,2.809711454593433
2017-11-28,2017-12-15,real,0.04654346338124572,-2.4777796298902532,2000.0,1.0136117479470916,1.0369326079089678,1.0369326079089678,1.0369326079089678,-5.140748922474803,-5.140748922474803,False,True,False,1.5315854269947415
2018-01-26,2018-03-09,real,0.11498973305954825,-10.22641438352938,3000.0,1.0322593217494016,1.078154532782719,1.078154532782719,1.078154532782719,-24.72788632356454,-24.72788632356454,False,True,False,0.9561004097412562
2018-03-09,2018-06-04,real,0.23819301848049282,-10.047182936680654,4000.0,1.0522115463931958,1.148447644535192,1.148447644535192,1.148447644535192,-26.87153230663365,-26.87153230663365,False,True,False,-2.0464909898915695
2018-06-20,2018-07-10,real,0.05475701574264202,-4.242597367438128,2000.0,1.0132758957323358,1.035640078136953,1.035640078136953,1.035640078136953,-12.39341869947056,-12.39341869947056,False,True,False,-0.6472975309128493
2018-07-24,2018-08-27,real,0.09308692676249145,-2.878531182501476,2000.0,1.0315854300330536,1.0888750591379868,1.0888750591379868,1.0888750591379868,-12.303415538652573,-12.303415538652573,False,True,False,5.778864502006686
2018-08-27,2019-04-12,real,0.6242299794661191,-21.791518152021936,9000.0,1.0660563745041276,1.1379476660628092,1.1379476660628092,1.1379476660628092,-42.972415373346685,-42.972415373346685,False,True,False,-10.271583967220522
2019-04-25,2019-05-03,real,0.02190280629705681,-1.2442007873996075,2000.0,1.0074231490690366,1.021096544023761,1.021096544023761,1.021096544023761,-2.291562411841186,-2.291562411841186,False,True,False,0.7905840307222523
2019-05-03,2019-07-03,real,0.16700889801505817,-10.983225074431013,3000.0,1.0477570347722998,1.1438389238553943,1.1438389238553943,1.1438389238553943,-25.677066487702604,-25.677066487702604,False,True,False,-1.6575420629546644
2019-07-12,2019-07-24,real,0.03285420944558522,-1.3021238762255027,1000.0,1.00837082568842,1.0227770668058613,1.0227770668058613,1.0227770668058613,-4.821205785608895,-4.821205785608895,False,True,False,2.2777066805861335
2019-07-26,2019-10-25,real,0.24914442162902123,-7.455580729108147,4000.0,1.033847648693904,1.074728456897648,1.074728456897648,1.074728456897648,-14.59491026145966,-14.59491026145966,False,True,False,-3.2110840319450773
2019-11-25,2019-12-12,real,0.04654346338124572,-1.375967762024266,2000.0,1.0142518349813996,1.0414844908079242,1.0414844908079242,1.0414844908079242,-2.246148313801033,-2.246148313801033,False,True,False,3.100189728513736
2020-01-22,2020-02-04,real,0.03559206023271732,-2.577357903147204,2000.0,1.0194847323923963,1.054545348580498,1.054545348580498,1.054545348580498,-8.614243945328893,-8.614243945328893,False,True,False,4.0783703744786015
2020-02-14,2020-06-03,real,0.30116358658453113,-27.846901594673334,5000.0,1.1057954082934225,1.2438903499148954,1.2438903499148954,1.2438903499148954,-60.05174871978374,-60.05174871978374,False,True,False,-24.375760974756165
2020-06-05,2020-06-22,real,0.04654346338124572,-2.3655376155337415,1000.0,1.0312033598507226,1.081989264033196,1.081989264033196,1.081989264033196,-14.723119582752597,-14.723119582752597,False,True,False,8.198926403319607
2020-06-22,2020-07-01,real,0.024640657084188913,-2.6424742953391034,2000.0,1.0075990232708285,1.0199465836402544,1.0199465836402544,1.0199465836402544,-10.340683537712325,-10.340683537712325,False,True,False,3.9893167280508512
2020-07-20,2020-08-03,real,0.038329911019849415,-4.205705329146148,2000.0,1.004872937896055,1.010176303922448,1.010176303922448,1.010176303922448,-12.417598496268612,-12.417598496268612,False,True,False,2.035260784489612
2020-08-03,2020-08-17,real,0.038329911019849415,-1.5554094413826047,1000.0,1.0220506584212994,1.0638779556066278,1.0638779556066278,1.0638779556066278,-9.986290868572123,-9.986290868572123,False,True,False,6.387795560662757
2020-08-28,2020-12-01,real,0.2600958247775496,-9.698118342820116,5000.0,1.0496644927841257,1.1210394413854872,1.1210394413854872,1.1210394413854872,-35.37502179680756,-35.37502179680756,False,True,False,4.134143834967685
2020-12-28,2021-01-07,real,0.02737850787132101,-1.643833712774856,2000.0,1.0128436078435161,1.0359779485470364,1.0359779485470364,1.0359779485470364,-4.135591609768252,-4.135591609768252,False,True,False,1.8288986573506083
2021-01-25,2021-02-04,real,0.02737850787132101,-4.129706801785882,2000.0,1.0153728289932584,1.0408570348962982,1.0408570348962982,1.0408570348962982,-12.521746948128387,-12.521746948128387,False,True,False,0.8711675339785563
2021-02-11,2021-04-09,real,0.15605749486652978,-10.353263053522177,3000.0,1.030189034482959,1.0717335921019224,1.0717335921019224,1.0717335921019224,-21.030932283575066,-21.030932283575066,False,True,False,-0.9236267533338172
2021-04-13,2021-04-15,real,0.0054757015742642025,-1.2008023815138436,1000.0,1.0029653510862304,1.007510686803298,1.007510686803298,1.007510686803298,-3.511003395779644,-3.511003395779644,False,True,False,0.7510686803297917
2021-04-15,2021-06-14,real,0.16427104722792607,-7.236316352715089,3000.0,1.0227871836640658,1.0579718540367244,1.0579718540367244,1.0579718540367244,-16.666672952326287,-16.666672952326287,False,True,False,0.8442735345524977
2021-06-14,2021-06-17,real,0.008213552361396304,-1.0159474669957147,1000.0,1.0024091075804549,1.007213933002808,1.007213933002808,1.007213933002808,-2.9034725082720314,-2.9034725082720314,False,True,False,0.7213933002808037
2021-07-09,2021-07-22,real,0.03559206023271732,-1.7561592650611302,1000.0,1.0081437614873352,1.0233834863810687,1.0233834863810687,1.0233834863810687,-6.765108675236176,-6.765108675236176,False,True,False,2.3383486381068908
2021-08-05,2021-08-23,real,0.049281314168377825,-2.0180062630036577,1000.0,1.009630213597077,1.0261885772184411,1.0261885772184411,1.0261885772184411,-6.040617385554858,-6.040617385554858,False,True,False,2.6188577218441145
2021-09-03,2021-10-28,real,0.15058179329226556,-7.484638991606629,2000.0,1.0374030086779746,1.107515200899572,1.107515200899572,1.107515200899572,-18.083793314209252,-18.083793314209252,False,True,False,0.9574302451966554
2021-11-18,2021-12-27,real,0.10677618069815195,-5.12104125256333,2000.0,1.024590425852457,1.0566654936362074,1.0566654936362074,1.0566654936362074,-13.830499102694116,-13.830499102694116,False,True,False,-0.4592753451857057
2021-12-27,2023-12-13,real,1.9603011635865846,-35.1187286382736,25000.0,1.2390121393651934,1.529097092053417,1.4078451289850635,1.329316464644605,-41.594852394626024,-41.594852394626024,True,True,False,-42.77803535185826
2023-12-26,2024-01-18,real,0.06297056810403832,-3.5026121880745165,2000.0,1.0157485221351865,1.0384607155659131,1.0384607155659131,1.0384607155659131,-4.820295186807389,-4.820295186807389,False,True,False,0.5656254017225804
2024-01-29,2024-02-02,real,0.010951403148528405,-2.6112410597992297,2000.0,1.009454439010013,1.026627031839483,1.026627031839483,1.026627031839483,-7.762399033061351,-7.762399033061351,False,True,False,0.29788293229511265
2024-02-07,2024-02-22,real,0.04106776180698152,-1.4768880282362562,1000.0,1.0140744033584332,1.031898385704017,1.031898385704017,1.031898385704017,-8.113482038337272,-8.113482038337272,False,True,False,3.189838570401693
2024-02-29,2024-03-21,real,0.057494866529774126,-1.1571773446975686,2000.0,1.0094494108361796,1.0163914612541989,1.0163914612541989,1.0163914612541989,-8.506262995175074,-8.506262995175074,False,True,False,3.91901108274908
2024-03-21,2024-05-15,real,0.15058179329226556,-7.002042340772352,3000.0,1.0360263717631635,1.0900866537476737,1.0900866537476737,1.0900866537476737,-20.116234228694573,-20.116234228694573,False,True,False,1.5519936689011748
2024-05-24,2024-06-05,real,0.03285420944558522,-1.580957553792861,2000.0,1.0175680580036452,1.050197694004218,1.050197694004218,1.050197694004218,-5.343620984498399,-5.343620984498399,False,True,False,3.2134558437386884
2024-07-02,2024-11-06,real,0.34770704996577684,-10.72117889562476,5000.0,1.0650330701828394,1.157672898703863,1.157672898703863,1.157672898703863,-26.06852592872235,-26.06852592872235,False,True,False,2.3069428636650846
2024-11-06,2024-12-02,real,0.07118412046543464,-1.7821137372453721,2000.0,1.0096027996613284,1.022952103925295,1.022952103925295,1.022952103925295,-10.247729535974148,-10.247729535974148,False,True,False,4.590420785059046
2024-12-06,2024-12-11,real,0.013689253935660506,-1.1168635552831319,1000.0,1.0065339871683037,1.017665892655286,1.017665892655286,1.017665892655286,-3.396383554961757,-3.396383554961757,False,True,False,1.7665892655285953
2024-12-13,2025-02-14,real,0.17248459958932238,-4.643577015765898,3000.0,1.0364659713964164,1.0878158034291565,1.0878158034291565,1.0878158034291565,-14.896613414230597,-14.896613414230597,False,True,False,0.8148862893254227
2025-02-14,2025-06-24,real,0.35592060232717315,-22.57168883312478,5000.0,1.0784717133769741,1.1576759493776143,1.1576759493776143,1.1576759493776143,-35.090944531043846,-35.090944531043846,False,True,False,-12.801493285242882
2025-07-24,2025-08-07,real,0.038329911019849415,-1.969873178415693,2000.0,1.0176091048304419,1.0485883048768658,1.0485883048768658,1.0485883048768658,-2.0809525019205632,-2.0809525019205632,False,True,False,1.4928687689728548
2025-08-12,2025-09-09,real,0.07665982203969883,-2.8911172881615266,2000.0,1.0135592263478126,1.0347206299428557,1.0347206299428557,1.0347206299428557,-8.82352893668118,-8.82352893668118,False,True,False,-0.8762682846399139
2025-10-08,2025-10-20,real,0.03285420944558522,-3.588257169689113,1000.0,1.000163325041652,0.9909074600106517,0.9909074600106517,0.9909074600106517,-10.846796212491439,-10.846796212491439,False,False,True,-0.9092539989348336
2025-10-24,2026-04-15,real,0.4736481861738535,-9.300891238730536,7000.0,1.0403561100720171,1.0674103880572372,1.0674103880572372,1.0674103880572372,-24.48737072844417,-24.48737072844417,False,True,False,0.9936528641517395
2026-05-13,2026-05-26,real,0.03559206023271732,-1.844103520390461,1000.0,1.021785069252624,1.0609787573114622,1.0609787573114622,1.0609787573114622,-7.625075206795728,-7.625075206795728,False,True,False,6.097875731146218
