start,DCA QQQ (buy&hold)|irr,DCA QQQ (buy&hold)|mult,DCA QQQ (buy&hold)|dd,DCA TQQQ (buy&hold)|irr,DCA TQQQ (buy&hold)|mult,DCA TQQQ (buy&hold)|dd,DCA TQQQ + SMA200->QQQ|irr,DCA TQQQ + SMA200->QQQ|mult,DCA TQQQ + SMA200->QQQ|dd,DCA TQQQ + SMA200->CASH|irr,DCA TQQQ + SMA200->CASH|mult,DCA TQQQ + SMA200->CASH|dd
1999-03-10,-7.583762651317224,0.6907389684603904,-51.828882222079706,-52.689019099275214,0.1344773645285023,-96.82033759774643,-15.101187934705557,0.4910119245489124,-83.60254435399929,-5.358164840219965,0.7680886474622072,-81.14787646568968
1999-04-01,-5.007205218914542,0.7821279088364378,-50.64375236217589,-40.242222415567106,0.1958208869331296,-96.5493188653023,-12.210211305964581,0.5597078262895302,-82.45272113903671,-5.342254551832807,0.7696476768268333,-81.01001091010384
1999-05-03,-2.6628767042720565,0.8764634327092197,-49.325262674880975,-29.89142339712479,0.2757059420449425,-96.24135485393907,-9.565049215035785,0.6311720818523516,-81.14615400087241,-5.281417583185574,0.7719457598288655,-80.85335151927819
1999-06-01,-1.4482971314480069,0.9304709514475588,-48.19893322192702,-25.011612427186954,0.32955549335560375,-95.81793891462137,-8.4291128268189,0.6651511803970636,-79.34977087922586,-5.478540373300811,0.7646223078534203,-80.63796244564668
1999-07-01,-1.3707066389190548,0.9340676203368455,-48.16050147149181,-24.509456707565707,0.33602478986387707,-95.09469277408293,-8.376375879771135,0.6668557273084951,-78.41985643259493,-5.572226157541182,0.7612529991363588,-80.27005160018064
1999-08-02,0.29421165174659597,1.0149556509852669,-48.12630108889324,-18.30646163341227,0.4256515074416814,-94.35197756997243,-3.4498883385656285,0.8421170270063512,-78.00661185830268,-0.8604793613112723,0.9576706359418584,-79.89223696230185
1999-09-01,0.2519952649850806,1.01269923363013,-48.090647773425424,-18.418760424488628,0.42803791943433356,-93.0957309623493,-3.7366185258519042,0.8316071998474008,-77.30763990821981,-1.038143490617003,0.9495645447172122,-77.30763990821981
1999-10-01,1.1703895151857662,1.0605410709716645,-48.05670896521732,-15.140672000565687,0.49193679909283267,-92.83238186486253,-1.1456068029216429,0.9445251843732027,-76.32092879453995,1.3702680793586437,1.0712898432731377,-76.32092879453995
1999-11-01,1.1984960487897662,1.062512177206645,-48.0223616119339,-15.061802050263074,0.48971193369162225,-92.83224719052927,-1.2465636530590791,0.9393527874751916,-74.40891479638742,1.3047275403912777,1.0682616802481328,-74.40891479638742
1999-12-01,2.6585221837446085,1.143590741927723,-47.990326810764586,-10.111779960811335,0.6153707449065549,-92.83213872660505,2.929281039089383,1.1594717526773934,-71.15865402927145,5.275083737762945,1.307797097233992,-70.90961962204459
2000-01-03,3.502649424680832,1.195486518243132,-47.96209385853256,-7.3662506138044455,0.6965875895004916,-92.83206483450908,5.168402679420425,1.3030390901036448,-71.12396796860001,7.153049303693831,1.4451899380256974,-64.8161561303088
2000-02-01,2.476987751843708,1.1331631500938504,-47.93949559718842,-10.967454715148653,0.5916342628633258,-92.83202667751681,1.6614682652414021,1.0872295687113047,-71.09457158311218,3.417224715907688,1.1888375745850566,-59.980799038733124
2000-03-01,3.499038768766323,1.1935518599806585,-47.91603734580947,-8.672938988289856,0.6578130120199578,-92.83197900092244,3.6088173518378786,1.2002698352646215,-72.45266079555866,5.317926405412836,1.310449402669283,-72.45266079555866
2000-04-03,4.7332687436032685,1.2716392575107047,-47.89579453286862,-4.733926398775846,0.7925148566027161,-92.8319476436064,7.046490178405603,1.4334477041515923,-73.42950592075195,8.604146752949775,1.5549788774208757,-73.42950592075195
2000-05-01,5.229799910144939,1.3068844725968733,-47.87446036246589,-3.2745960237422738,0.8494885319000657,-92.83190872738626,8.214466536238922,1.5274599784098146,-71.75380795858067,9.576861203241322,1.6412002098649972,-71.75380795858067
2000-06-01,3.6183986244637616,1.2009389307496816,-47.85129861618167,-9.05469482316924,0.6461615843850503,-92.8318525849039,2.6071900662390055,1.1405569809165679,-70.99225329742592,3.808866545259563,1.2127060655825046,-68.59737420636934
2000-07-03,2.5511291109913965,1.1373545908945775,-47.825713708715476,-13.048557649178782,0.5391111927700639,-92.8317667778152,-2.475250249291467,0.8845160238945898,-72.73406831706484,-2.0239867581644915,0.9043743430732165,-72.73406831706484
2000-08-01,4.104177724975026,1.2328791861672164,-47.80202399599557,-8.125060475115207,0.6722719411727784,-92.83169636076728,-1.2817579840984623,0.9377331916750068,-72.36124669860338,-2.6222813871565993,0.8772947890336693,-72.36124669860338
2000-09-01,3.707657256486608,1.2065218031397915,-47.77621551642363,-9.640630934646525,0.6288079256451445,-92.83160292650989,-2.842787208267655,0.8687061260781382,-71.82074363907216,-4.3441358848693055,0.8074843985994443,-71.82074363907216
2000-10-02,5.5778220314757085,1.3283494597424554,-47.753820410965,-3.6269011806533022,0.8361157006923429,-92.83154162021209,0.6708672807547287,1.0342028772068381,-71.43396169855023,-1.892015714985026,0.910293185622969,-71.43396169855023
2000-11-01,6.8411404068616735,1.4184604027788268,-47.72708282495991,0.2624300599878011,1.013228191562682,-92.83143255791789,4.28643147411523,1.2428966631886238,-70.90783987305976,1.7018941690373963,1.089411904634832,-70.67256170033983
2000-12-01,7.2310976368852975,1.4474484479388448,-47.698149326396056,1.3093141814239428,1.0679948675895408,-92.83128287551219,5.0347417810568835,1.2916378998866924,-70.83448539952012,2.356683612221732,1.1261574358741018,-69.44098404798493
2001-01-02,7.735335097502134,1.4899575691461255,-47.661081019404804,2.9559298237154867,1.1623297734503888,-92.83094531550286,6.767534382739577,1.4162596246423065,-70.87661661425044,4.21952237241143,1.240498881032961,-67.40352818760971
2001-02-01,8.603862660387326,1.555543620490254,-47.616011413905944,5.613323702536165,1.3310427846278094,-92.83026039999052,9.484346284931089,1.6292091129815356,-70.91433873665882,7.098562439004072,1.4377908245114281,-66.91170013419026
2001-03-01,8.553459950553489,1.5505944070070716,-47.57848351195732,5.431845197382873,1.3181440638461013,-92.82983383680335,9.408322537616359,1.6217382825921371,-70.94911479891785,7.157008876310048,1.4415187691474076,-66.57693097636522
2001-04-02,8.762374330752746,1.5678646592294154,-47.52757511432555,6.0605525037731836,1.3618374019384945,-92.82873868634178,10.021992285028311,1.6752072088077947,-70.95194688545827,7.833690717150914,1.4934699616793146,-65.59710125092573
2001-05-01,9.240285031449675,1.6118126422281107,-47.459721925003386,7.707095992337409,1.486923518345159,-92.82593708994551,11.370960814291577,1.8042923587703281,-70.86638055451678,9.021843940390173,1.593352465774278,-61.87953143749254
2001-06-01,8.551902913767291,1.550703375409067,-47.40575458937526,5.687408096319511,1.3358061515325186,-92.8243864923195,9.379886542930391,1.6195841872152636,-70.86990360978322,7.096795870732777,1.4371896795906456,-58.60003413784114
2001-07-02,8.837450284903836,1.5739359303314748,-47.348332456854216,6.533324557775488,1.3955774018813498,-92.82248869065118,9.838274139563044,1.6589371813164826,-70.75160570430262,7.3164539435057945,1.4536097767055385,-58.1707827467151
2001-08-01,8.74304591143122,1.566366718648098,-47.28896016940747,6.33059188882461,1.381100765053173,-92.8204311466452,9.397243841753689,1.6211141426968851,-70.67257533162328,6.791582549593381,1.4145759811330263,-57.92921815924915
2001-09-04,7.16875769804266,1.4430491421822649,-47.22500954699947,0.48536517212607166,1.0246311125686174,-92.81787132072601,4.830366231008375,1.278281990246599,-70.49316700637324,2.2884053963367847,1.1223352426534337,-58.01026019011848
2001-10-01,6.865121688598487,1.4232804394582574,-47.14538436109088,-0.4498426989264403,0.9776160000843637,-92.81296366198838,4.627946474796286,1.2668511704095724,-70.46435915103532,2.3749071326559394,1.1281652307935859,-57.3086863317309
2001-11-01,8.143511870305465,1.5181702157619132,-47.04405435953316,3.454953213755689,1.1910140608133082,-92.80300735710107,4.6102755049664585,1.2637375404665692,-70.40434862472311,0.37904586951869107,1.0191681611062784,-57.19742625649445
2001-12-03,8.13182620662382,1.5174268481589566,-46.95910251383436,3.25690696106789,1.1790793494623033,-92.79706776898709,2.647281578211996,1.1429850511681454,-70.25261902915307,-2.4913357885593177,0.8837774204264836,-56.800257514940945
2002-01-02,7.893011527195943,1.5019829360886412,-46.87997858204024,2.5765408718271745,1.1398420207927193,-92.79241392522515,2.5904963644803414,1.1406566699818284,-70.2518147268607,-2.263587230804191,0.8929804729340336,-56.83500572508478
2002-02-01,9.517591093098318,1.6319899125939645,-46.801127755973816,7.720368541844885,1.4851651979240306,-92.78790500209553,6.951301964160564,1.4267539803535587,-70.38320470457691,1.7926235868914235,1.0944536237281695,-57.25082119108489
2002-03-01,10.628669838512259,1.7298150595969561,-46.716020271814344,11.25913050876142,1.7884491862365606,-92.78246058450263,10.356405617626288,1.7051295987905373,-70.31020777473458,5.291840538551734,1.3088016859158733,-57.0727248557908
2002-04-01,11.334254051215833,1.8014346534513892,-46.622626266945765,13.551546802315029,2.027484477190607,-92.77547558128059,12.81224020481299,1.9489748259848607,-70.35240276488716,7.909305297739791,1.5031713995687126,-57.24751911103143
2002-05-01,11.053402332603662,1.7691343409227795,-46.52914260465465,12.853347922856068,1.9463697074663688,-92.76880687565388,11.821373364453205,1.8425714493572203,-70.21388953458202,6.841689252157715,1.4182938189811019,-56.859525391809804
2002-06-03,9.024051190765332,1.589881314405084,-46.41683019942781,6.8797881627976425,1.42124993473875,-92.75771537738103,6.10768750078495,1.3653695179852614,-70.2950081514924,1.1723720474634685,1.0606495291409943,-57.16893571713357
2002-07-01,10.100264607309821,1.6871430586356735,-46.290072760789414,10.224315509905402,1.6982605621825309,-92.74188377951495,9.438005954764405,1.6290870199821403,-70.24063936580367,4.618520408723489,1.2660873444703988,-57.05628778030931
2002-08-01,10.058477810985725,1.6788832611782425,-46.21261982625414,10.368919384709386,1.7066072157519456,-92.7145854059297,9.541021518829114,1.6337360011662594,-70.14720875271057,4.772710658454972,1.2743610821672278,-56.86312286394224
2002-09-03,10.882329519676968,1.7595907190984752,-46.138860738856245,13.198489928224348,1.9907809373241951,-92.67312098755045,12.313487773447687,1.8988825825854958,-70.00605718273786,7.644059457028124,1.4829191359646585,-56.572289936378105
2002-10-01,10.82410899213923,1.7482046056353562,-46.06125481596999,13.318427188301978,1.9956861587589843,-92.62528101968293,12.362859532004942,1.8967657263049547,-69.84433561575565,7.74399633951727,1.486838042571629,-56.24053533720081
2002-11-01,9.885630761079927,1.6639456893878968,-45.977318161421046,10.753392025636902,1.7419499207620517,-92.56635778599268,9.706775843809638,1.648336706721639,-69.64679710615134,5.096133518341677,1.2959051359831597,-55.83740813364291
2002-12-02,9.706487080347905,1.6531095986077722,-45.90070287369621,10.439514052528324,1.7185644406638445,-92.52211325204067,7.839398989729161,1.4981146261651552,-69.49965157613502,2.4384599580160877,1.1319017618302454,-55.538611842339726
2003-01-02,10.055111812459192,1.6793727918771593,-45.82858046885132,11.66002393082994,1.828235243598644,-92.48639427075102,8.221903651267565,1.5250222374731486,-69.3815921032445,2.373192447704528,1.1272521644771623,-55.29979270698588
2003-02-03,10.01653553276132,1.6757692513727576,-45.745515801628024,11.829645833443458,1.8445256588484769,-92.43374142626783,8.331464956868937,1.5336597538930161,-69.20874320552325,2.5477546454751887,1.1372752503544428,-54.9516010454772
2003-03-03,9.768331462460573,1.6529667479627788,-45.6551415898175,11.354793731730972,1.7973827323363216,-92.3683974588861,7.783182859439594,1.4895283412644866,-68.9961657041437,2.0447729415132154,1.1084249065593021,-54.525739895359216
2003-04-01,9.93933030927,1.668166335096519,-45.560773435586185,12.179341043538118,1.8780182290920413,-92.29728343341776,8.554197826095688,1.5510388556168133,-68.76721591898236,2.9086875535758194,1.1582175964430184,-54.069967144960685
2003-05-01,10.279382921334914,1.6981429790042863,-45.46468146687971,13.390825181371014,2.0026835743583975,-92.22452688412083,9.717246116339393,1.6485780679617237,-68.53552480221732,4.166927450762516,1.2351437513634531,-53.61175644722468
2003-06-02,10.874712724703741,1.7584165543547898,-45.37198204313412,15.404984130380114,2.2398900674403515,-92.16230785831995,11.703785131311713,1.8376538584534818,-68.3394016810068,6.2545044150081965,1.3786504713876333,-53.226239362434114
2003-07-01,10.38423048952617,1.70760838536952,-45.2811235914887,14.134533351558492,2.083748213493987,-92.10667284209471,10.383572068539193,1.7075490551243873,-68.16558039337491,4.9587354048758625,1.28649497357532,-52.88634763251452
2003-08-01,11.468519142418511,1.8086476158269982,-45.18850311656964,17.62132470476785,2.5121779946918577,-92.05100896454562,13.866327255587324,2.0545443947865536,-67.99311276160059,8.561520993639732,1.5517042784345363,-52.741605485197596
2003-09-02,11.073401785865771,1.7768926632623583,-45.09508190097484,16.671990433965256,2.3974105951086284,-91.99695815589315,13.01093363651825,1.9700802016589642,-67.94329528106981,7.7869999827572824,1.4937011638052298,-52.74360808893329
2003-10-01,12.018749795128352,1.8622535709376342,-45.00448638874045,19.725720539719067,2.813574347019316,-91.95065478389593,15.991035113668376,2.3018249712978642,-67.74420688895346,10.829051180214757,1.74851958116522,-52.70561779755363
2003-11-03,12.605772698099276,1.9215751619315147,-44.90786646803798,21.62346091058925,3.117703394177406,-91.89757769721912,17.74484773697358,2.529653804688318,-67.47088776335079,12.609049889268128,1.9219100433157363,-52.654365724188466
2003-12-01,13.149634516487996,1.9845271502288993,-44.81439551945752,23.41696306767984,3.450294465732562,-91.85250691491123,19.60790014310118,2.8081669916802667,-67.4230584135913,14.556857603304923,2.1397251452043897,-52.65503767444682
2004-01-02,13.396869874238515,2.0050024283574954,-44.7173100952284,24.447219013744544,3.633878812013551,-91.80533092966668,20.753531103324704,2.9764621945072887,-67.41411352612879,15.808104854904142,2.280911557099301,-52.66563582614785
2004-02-02,13.068221572259919,1.9773233474557586,-44.61734280642887,23.62411541370879,3.4934781077346075,-91.75734837890971,19.882174511765825,2.85307111464242,-67.25664707854546,14.949189203713415,2.1869752674516616,-52.63962492913918
2004-03-01,13.90625827263992,2.0662256885471093,-44.51474149666681,26.24463197072982,4.019822553876611,-91.70910322667213,22.45873142373475,3.27545223814345,-67.09864589973758,17.557743545403028,2.513843490005968,-52.61400177577811
2004-04-01,13.580981983811618,2.023155773070682,-44.40784580256146,25.524900297089516,3.846349527912865,-91.65853829705418,21.69682724057587,3.1281133732099873,-66.93339840822705,16.815707193030665,2.4052749564119766,-52.58769962366927
2004-05-03,13.085058468830352,1.9707985524411438,-44.29332093404319,24.165949413579334,3.5753453815950063,-91.60059242132806,20.28773590808559,2.9000134257605605,-66.7444698822517,15.420828599026473,2.232527491963126,-52.55823167862943
2004-06-01,13.766165875328525,2.0505698202458094,-44.16967072828152,26.37969716094566,4.048448172857786,-91.5325288988774,22.4424149654299,3.271980915426215,-66.5231514906069,17.604694647231824,2.5198541116582764,-52.52450423763027
2004-07-01,14.40435637546329,2.113756912903059,-44.044942004639054,28.569561062979755,4.5323893256799765,-91.4680277319542,24.498137447429315,3.6382008220073496,-66.20983899891124,19.656153777851422,2.8017679835357794,-52.471009119510526
2004-08-02,14.216873595213917,2.0931313182756757,-43.91603330352927,28.21741015378324,4.448768284787596,-91.40217253977619,24.363131241540703,3.6129525014572956,-66.333586448919,19.669652516725854,2.804563278757911,-52.51546928406703
2004-09-01,15.07097794954652,2.198735814471535,-43.77246212172917,31.03236948711262,5.203008519234344,-91.31784949428983,27.08548251217079,4.204992429979089,-66.05081009162544,22.400320928619877,3.2639636829465277,-52.47299823431377
2004-10-01,14.457581431611278,2.1203141948290027,-43.61799196844173,29.45281561918326,4.755739090402901,-91.22052973829929,25.423032396262112,3.8261572442660547,-65.724214741124,20.752071223844535,2.973282840522532,-52.425469127051926
2004-11-01,15.10641891717272,2.2047243831295846,-43.463247089803524,31.45652696116576,5.331689015681878,-91.13020695097187,27.34104304102056,4.269467960267492,-65.42087527740811,22.680038875899932,3.317651936848734,-52.382719964495635
2004-12-01,15.578629170554487,2.2514257210848494,-43.30419704220928,33.143337022016375,5.800922589008816,-91.03998089322197,28.946244722135262,4.628016016056332,-65.1176439394608,24.293601059089166,3.59998763922612,-52.34126737482717
2005-01-03,15.17413631003232,2.204536586826993,-43.148760008629885,32.14748755680292,5.5052778662076625,-90.96292412390834,27.896895411246238,4.3778961356331,-64.8585002167185,23.258038772367488,3.40719489263227,-52.30681404274744
2005-02-01,14.727752343354483,2.1601521692073953,-42.98496741675459,30.928952822920365,5.181288294287793,-90.88070020844805,26.617574321837832,4.10495277219806,-64.58180466741959,21.984953932964974,3.1947202806166612,-52.270976436376905
2005-03-01,15.906167061949589,2.2989970148158188,-42.80294112013654,34.69047710771191,6.330294405677375,-90.7773664845541,30.28240184121832,4.995017970657007,-64.23381563189008,25.64928884490686,3.8895586092725707,-52.2272384202091
2005-04-01,15.2019693853288,2.2058773213398397,-42.67216844111152,32.79981925966465,5.691825405893891,-90.66640593946981,28.328470607480433,4.474196768992451,-63.85982464461524,23.71300837111275,3.4874048680576615,-52.181811670647974
2005-05-02,15.750610051117834,2.2712013168466108,-42.54305628549633,34.69330971289847,6.2978285506278535,-90.53039886437004,30.121135296362887,4.926503851061025,-63.40096527347821,25.510250175164305,3.841765690376897,-52.12819150418391
2005-06-01,15.817667910597667,2.279886619167599,-42.40163586875042,35.13337034932255,6.450900707954241,-90.36515465409379,30.456221153427748,5.018239918950003,-62.842798825550176,25.854116368546226,3.915134731213466,-52.06591439958908
2005-07-01,15.293830141655912,2.2164648656102917,-42.26414746501565,33.780990945187014,5.997884926598605,-90.22590911710574,29.03156008579889,4.645979210239629,-62.37188222518463,24.44123036166492,3.6265479315365288,-52.01572553197881
2005-08-01,15.826993693010532,2.2908770029011416,-42.11150001360365,35.63961789319527,6.669768595254167,-90.05162387545214,30.783874183978234,5.138326097449962,-61.78172934636843,26.19721202085183,4.010923820856828,-51.95566080828482
2005-09-01,13.766434572204792,2.0436656275962464,-41.96102459649607,29.316659296190885,4.721528737185635,-89.89924382265933,25.171752032228955,3.7749807057613256,-60.84000453181076,20.785468628393197,2.9789152336487086,-51.844607181518285
2005-10-03,14.210292636492152,2.0930717332945106,-41.797872018642046,30.61369773205459,5.065403989524599,-89.73049225840609,25.425941846082324,3.828510776107523,-59.76004907187231,20.4168646651602,2.921123631590619,-51.725642345913045
2005-11-01,15.689125938215415,2.2737040369948263,-41.62668809380452,35.2544619404919,6.532095635102391,-89.55609500100677,28.228409752716964,4.4755356592664395,-59.772846362905305,22.333779264407436,3.2538589652289462,-51.754206816332186
2005-12-01,15.826286148678214,2.2812817952417785,-41.440324442903375,35.92311976106921,6.731243516880481,-89.35183119750705,29.001099388194863,4.64099083429581,-59.69590619092602,23.21848775849316,3.39644922418418,-51.77558108740013
2006-01-03,15.210824183938342,2.2170285903712434,-41.256119137181265,34.20229667729645,6.179510066777522,-89.17391894292456,27.22794456220125,4.243146714072607,-59.11685070562467,21.456175361436898,3.104897952004472,-51.72462225108482
2006-02-01,13.779537450801849,2.0457155436371535,-41.05631273567043,29.800414798674225,4.84936815782788,-88.96975885547592,23.296044455088843,3.412969049291207,-58.4523657391777,17.618000823612864,2.51275474308454,-51.66888346962111
2006-03-01,13.905594176649117,2.0584779676456035,-40.846499166163916,30.188098566943587,4.946712373954024,-88.75691294630839,23.423113286808437,3.433674262217038,-57.759610810538085,17.517316231108985,2.497622764660863,-51.61366757803263
2006-04-03,14.613466509782885,2.1381746122202463,-40.61855731883397,32.55372660389966,5.62033224465172,-88.51183004553758,24.11208559138448,3.5649596351082575,-56.96193333532459,17.390781480972407,2.481290747308286,-51.553467336139
2006-05-01,13.692375726692479,2.042487924622763,-40.37517014043601,30.03883794285187,4.932959984680889,-88.24468752751484,21.522977036458578,3.113300976099572,-56.092457869560164,14.795009399670276,2.166696391746835,-51.49163159660842
2006-06-01,14.339110057634741,2.1071599635257456,-40.10888904305069,32.175347862214295,5.507673997131963,-87.93247077968638,22.115801896087383,3.2008223338374537,-55.076278175489726,14.639737394973551,2.1412737443373713,-51.423915028688704
2006-07-03,13.854478654372809,2.053029928967422,-39.807383460598246,30.81707318647158,5.117809544057193,-87.52501381599313,19.463759617904902,2.7735950245012706,-53.750117757791195,11.308818880113943,1.7932580565093208,-52.60514785221749
2006-08-01,14.990490716184867,2.181909371151508,-39.471945442458335,34.51396627413232,6.244913626506185,-87.01661296964762,22.311719476645838,3.235078302821018,-52.095412748858074,13.845790661662061,2.0524969764001306,-52.58204057040612
2006-09-01,14.955301658507498,2.1782637705188272,-39.07686370704167,34.701373857329784,6.310725527605922,-86.52957397504406,22.377956684855548,3.2476513401125477,-49.616227527651105,13.940560320616157,2.063305551858239,-52.552329232453765
2006-10-02,15.164474315903856,2.2115687123854535,-38.66866296931224,35.57488023747418,6.651662039267865,-86.2409155645741,23.13656211123078,3.400559898581142,-48.188738733464675,14.727625741151535,2.1603281103764096,-52.52696871759903
2006-11-01,14.581851487589425,2.1352917988165347,-38.22890930353704,34.17272128129042,6.1350157068891145,-85.93388880147785,21.661219386522447,3.124561554347398,-47.271868641314796,13.268145046790536,1.9907181156995724,-52.50253852588369
2006-12-01,14.334750859411619,2.1069430767044364,-37.76288384451097,33.62399278949023,5.954953385381291,-85.62579210579754,21.033804246143053,3.019816773094623,-46.34885122986764,12.659299301723003,1.9269552368060652,-52.48029977794118
2007-01-03,14.87797775361004,2.1711067157006143,-37.265268642971485,35.478293044752974,6.591022199783748,-85.31291983620368,22.81396937295816,3.3292151634827105,-45.531390673503246,14.497813707037526,2.1273832845188583,-52.45973794349646
2007-02-01,15.638089246774095,2.2600874071912926,-36.70594891274022,38.05149782659226,7.553382267078251,-84.94566651056803,25.2692200474666,3.7986891164128593,-45.513365918350644,16.992133831381114,2.4304129908351495,-52.43784962823177
2007-03-01,16.381153373551285,2.3496034233349485,-36.08985516066143,40.610670694794315,8.63429298836687,-84.54336876966755,27.69361121905375,4.323386126385252,-45.4956012489227,19.438560737236635,2.7691869698736444,-52.41626697952542
2007-04-02,16.40177378407201,2.3630155910820627,-35.50730720726273,40.9525165427968,8.852797456868473,-84.04315938082766,27.89779527298541,4.397960602169153,-45.47259806250518,19.648639174461813,2.8150561387755895,-52.38684759558909
2007-05-01,16.90859734133377,2.4171151203248717,-34.968833938519225,42.78110389289041,9.68369572291891,-83.46868516027843,29.46037815149648,4.7558209395304525,-45.44029405500589,21.180991195524886,3.0419823255770293,-52.34168814264895
2007-06-01,17.376066384104703,2.4791231339833364,-34.38915847030681,44.49473537332415,10.60206142220105,-83.0216799954975,30.839815402697134,5.124585536753797,-45.40274245261059,22.507266578389036,3.268624476128062,-52.287577496862056
2007-07-02,16.73796167826371,2.4057767318030407,-33.75110393789236,42.61732362644551,9.66307770036207,-82.64375817830351,29.177649199537413,4.711485704063378,-45.408992605120666,20.973285783709656,3.02336999983632,-52.30805188136285
2007-08-01,17.369434746488324,2.4783408440802326,-33.030957076397016,44.88570568406429,10.822377695847768,-82.22664753720142,31.59416473575536,5.337200010282023,-45.41709529722948,23.540630852497397,3.45637482801575,-52.33321029305548
2007-09-04,17.534686257426337,2.501043257132398,-32.197765890957555,45.59373060407614,11.237249187892953,-81.73922911574599,32.20970316099327,5.519060686806503,-45.40006832469555,24.165256590945212,3.576116279297416,-52.311869960674294
2007-10-01,17.38713079492335,2.4910113945349415,-31.263138361344613,45.375250960403804,11.16666065654556,-81.22531797688218,31.73994251056082,5.4081734123757474,-45.36751397719322,23.62861011077625,3.4896961868288825,-52.26303964427067
2007-11-01,18.06577550334836,2.5736599601634125,-30.21909833406512,47.70058994938736,12.545371871505665,-80.70762616562448,34.21073876317804,6.145821560551891,-45.37776669509809,26.251914535187005,4.003242694303379,-52.29255206681492
2007-12-03,18.232627505916387,2.5963360741790016,-29.320856372111116,48.446611820037276,13.034995050171256,-80.1722564464335,34.273546527458784,6.164317582620612,-46.41199900481192,26.051566728825758,3.9590298029750834,-52.17155733898966
2008-01-02,18.592108074199075,2.648994762320773,-28.544278146629377,49.78544834621297,13.996095666156158,-79.40735762919553,34.43832833154437,6.227021338334423,-71.94768882169475,26.06710282758741,3.966338738238663,-70.07901059275672
2008-02-01,19.526449205457713,2.7851949819508515,-27.583471475815514,52.99410147844008,16.50271469985763,-78.45313159756003,37.35611346793429,7.276232228342806,-75.36527192406237,29.015920507498862,4.649765075910508,-75.36527192406237
2008-03-03,19.152157080747653,2.72770614792196,-26.229248390198066,51.724483325116644,15.436232885956944,-76.7654322595695,36.10153808517943,6.796469206493664,-76.7654322595695,27.843041045890583,4.360330173973088,-76.7654322595695
2008-04-01,18.359777607332113,2.623123531865588,-25.480519537250068,49.280393816590895,13.661112534519484,-74.37391325600996,33.69173366964313,5.998853645889837,-74.37391325600996,25.500091053001047,3.8576672745968774,-74.37391325600996
2008-05-01,18.473912244016436,2.6288644800601917,-25.480519537250068,49.6350094205656,13.84608441026203,-71.8259349138324,34.19022303311976,6.131284872161633,-71.8259349138324,26.075328500554086,3.9612617235271803,-71.8259349138324
2008-06-02,19.41152633294909,2.7656481970635025,-25.48051953725008,52.82610297454502,16.327664513748807,-69.67272191426524,37.13495080689453,7.1799368296075485,-69.67272191426524,29.05853507960872,4.654759414370702,-69.67272191426524
2008-07-01,19.196305804563046,2.745024157019578,-25.480519537250057,52.30890231015002,15.979932544060874,-67.24425261527675,37.453733001172616,7.34002588406748,-67.24425261527675,29.49616722203704,4.789029799135669,-67.24425261527675
2008-08-01,19.576728368917603,2.7905335759108976,-25.480519537250068,53.801156875891486,17.164863546831707,-63.72060270230313,39.71322453856864,8.236329563301902,-63.72060270230313,31.924391764178715,5.431898028799732,-63.72060270230313
2008-09-02,20.36500899503934,2.926904279573262,-25.480519537250036,56.59280209555961,19.928174244526698,-63.720602702303154,42.43669647040169,9.579451734574011,-63.720602702303154,34.63772166788439,6.325108970759418,-63.720602702303154
2008-10-01,20.15881274160455,2.879642250583335,-25.480519537250068,56.21884700885693,19.415190762796204,-63.720602702303154,42.12320318462534,9.357978770282136,-63.720602702303154,34.36093823527489,6.191613849234737,-63.720602702303154
2008-11-03,18.16150950530982,2.5878678732510445,-24.266626592476946,49.69727028573752,13.926721270803576,-59.32798445076024,35.20132759387325,6.4849770936618665,-59.32798445076024,27.139926959383043,4.20207414582316,-59.32798445076024
2008-12-01,17.8989754766329,2.5617245527495442,-15.066674263147995,48.70014705676094,13.293074621539473,-43.78431789691605,34.848885144234465,6.395931298368702,-45.132724224258695,26.90011250793789,4.167722115762775,-52.02968676413915
2009-01-02,15.907215304081538,2.2928544356622402,-22.191604265862075,41.82819762482358,9.22878332967253,-57.99054887025817,32.365852467963464,5.5703618512069175,-45.03457140033894,26.24935767836658,4.005114564657091,-51.93314626871373
2009-02-02,17.052756226512923,2.437820383084694,-22.18117502336485,45.05189231018938,10.931276312032574,-57.98650719929348,33.2458383279977,5.838304543463142,-44.96195399119725,25.84193718710457,3.9168910420187855,-51.86268387954232
2009-03-02,17.487880158797854,2.4928555207482503,-22.169696564412924,46.266819214155284,11.620227356208886,-57.981096075222325,33.30274545977835,5.845204242322289,-44.86628327777304,25.33657830301562,3.8057409230937287,-51.77107544395078
2009-04-01,17.923753445678216,2.552560358909747,-22.156419225608424,47.09012319894646,12.137128954572201,-57.97249662890203,34.02656042421948,6.079263915566972,-44.71778744864838,26.04086937261327,3.9546324511476207,-51.631571834397974
2009-05-01,18.27892149271933,2.601236863372842,-22.14439478653779,47.98307175708032,12.7081252231108,-57.96581654070394,35.20691769672602,6.473575233527965,-44.605336634650904,27.395986282355878,4.25350002795602,-51.528045578129245
2009-06-01,16.445444522611872,2.36823634203678,-22.133168850776197,42.126053510068864,9.416433176681537,-57.960388754711815,29.750579519949028,4.8595944528851245,-44.51577175377255,22.117903643209583,3.216461590390628,-51.44685825954514
2009-07-01,17.767340897258048,2.530798065222483,-22.122140915648625,46.04975142700631,11.491185530474265,-57.95531319441071,31.65025148986249,5.349505849058931,-44.4334425030575,23.006405875355718,3.3562461433257353,-51.37320120859143
2009-08-03,17.273655420022884,2.4662426320504696,-22.11069244909848,44.46715135346857,10.593836021467393,-57.949767479241274,30.375047669252492,5.0003512161895625,-44.34501933071503,21.887307574254635,3.162189648892853,-51.29510825382295
2009-09-01,17.04175339743864,2.4451329362181613,-22.099883454495295,43.50994070753558,10.125751582452622,-57.94520698838716,30.04984928593244,4.9375616250048235,-44.3425292940754,21.76210565923915,3.1546257812939325,-51.32869901646925
2009-10-01,16.77393620778943,2.4000717020300026,-22.088449014381773,42.685450703963845,9.638260265291505,-57.93996697435176,29.931665783102556,4.879358007634219,-44.33884447610659,21.910502139203523,3.1646951743511593,-51.3707241464503
2009-11-02,17.622021394267357,2.512516472708233,-22.07708872753802,45.250154980293686,11.034690380194952,-57.9349854269088,32.52650402066656,5.612856331437325,-44.244274590627,24.582419564755988,3.6570841373511067,-51.27797479026584
2009-12-01,17.945118009957966,2.5667026161565483,-22.06533592388711,46.330219551672315,11.735516170583896,-57.92964048116519,34.2090447500258,6.1742277636892275,-44.24014664618624,26.496001833864902,4.074463538056576,-51.31935929781037
2010-01-04,18.49665683257967,2.6361405796451387,-22.0539437059147,48.14595161559317,12.864112169502665,-57.92494066339064,36.086188615316026,6.805089342238403,-44.15581093326239,28.443133527700493,4.511432356487128,-51.23832478420554
2010-02-01,18.693614855515982,2.675129663881243,-22.042777295078643,48.81912540975062,13.390704212447032,-57.92069518870697,36.81265157575863,7.110829132464588,-44.07967264195243,29.221019750581757,4.727938323205051,-51.165506271729235
2010-03-01,17.285146258912338,2.476780719395227,-22.03035736071954,44.48617257581954,10.653651296045151,-57.91505565161768,32.688257692525426,5.689123181432627,-43.97859848032078,25.206040682974663,3.7993734832647825,-51.06933302296013
2010-04-01,14.793727053876857,2.1589067111484828,-28.326867218101025,32.351856676080736,5.559997968568329,-69.90070732507624,25.116892840571374,3.7639458366471095,-58.68010996141877,17.98267604561615,2.561548911758628,-54.784088004407494
2010-05-03,17.436468502457263,2.4869447095090433,-28.32303336316301,39.72769059950233,8.24267223465589,-69.90011567620714,27.390609837945412,4.254435435618604,-58.67884067602159,17.559128423900518,2.5033865932314265,-59.239667426702994
2010-06-01,18.969377243096773,2.701379361662828,-28.319213691133992,44.50369569419335,10.611720615832624,-69.89955204480664,32.16187445378399,5.504003261590475,-58.67764168893481,22.409350997116817,3.2520614551733127,-59.23571008058748
2010-07-01,19.988967927781587,2.8532785557283735,-28.314846211678635,47.4349869795742,12.362972445831433,-69.8987202778081,35.14119031453473,6.455624496400167,-58.67589021332971,25.46667685952424,3.8349473138999093,-59.22997234197875
2010-08-02,20.7907590774389,2.995105601245489,-28.310054968775844,49.775159827360035,14.059644359165931,-69.89762745815828,37.57196363114299,7.40051677167981,-58.67362089495989,27.991786411545704,4.4219910556098405,-59.222613345225774
2010-09-01,22.731504496295106,3.310332453540749,-28.30551575048287,55.90316495823262,19.132971887159222,-69.89671181438695,43.640028267161235,10.14732322379613,-58.67174679031416,34.06773602823295,6.1002264500853896,-59.216598981746834
2010-10-01,21.314489375432906,3.06576293769393,-28.30060341525308,50.8883953953432,14.795712236162196,-69.89557489926392,38.952113065814025,7.915583286438195,-58.66945365902969,29.577753448450668,4.789790121752974,-59.20931619874965
2010-11-01,20.194817280726596,2.89966976201922,-28.29595904770461,47.292655120513885,12.355011883734589,-69.89464084720373,35.42895525869134,6.59771602879326,-58.66701388122968,26.2062302841804,4.014116429405618,-59.20146129526977
2010-12-01,22.13000199511051,3.203928955506886,-28.291445919907986,53.18946754776115,16.654332987331973,-69.8938120718038,41.15585437793052,8.897890300787367,-58.66491663730484,31.96055608371887,5.445997982654731,-59.19475053002581
2011-01-03,22.52784467646933,3.2916324051697403,-28.28686207991907,54.63042431236407,18.05754816059394,-69.89297150005531,43.315811816059245,10.042596317621047,-58.66569826510597,34.347075648426554,6.231587741285426,-59.20129621625458
2011-02-01,22.767714153843997,3.3183221160763225,-28.28231269100433,55.38142479094933,18.65143534107339,-69.89218355218479,44.14388233890432,10.42837948406888,-58.66414708191332,35.227654858971526,6.495859813456828,-59.19628524953172
2011-03-01,22.615922379508795,3.286765794876189,-28.277754652892263,54.934178129155754,18.179022910527216,-69.89142273291577,43.78720521501155,10.210063424824646,-58.66264166356145,34.94847159998871,6.386735382763553,-59.19171604458504
2011-04-01,22.44120747656829,3.256869947712807,-28.273026440269046,54.199480068917914,17.52147068245956,-69.89060904655608,43.5840349070313,10.106680470363914,-58.66267175226866,34.96427236020171,6.394851238691287,-59.19478815002452
2011-05-02,22.956639813070698,3.3655695797791,-28.268197331602373,56.00883791211573,19.327532682806794,-69.88977443784086,45.39589480870035,11.182041622897028,-58.66097174614262,36.78473438926265,7.0899428616164,-59.189141865575664
2011-06-01,22.410045617885853,3.251548768024835,-28.263332584533686,54.35675690601647,17.663715105544053,-69.88895982699145,43.86212584031636,10.256176370833657,-58.659321821187504,35.33057296412371,6.521855400838134,-59.18368222903302
2011-07-01,23.34747985581352,3.419476309570053,-28.258133973148624,57.523101670253695,20.729293004770334,-69.8880058463751,47.00007514518056,12.080927601192894,-58.65740124992727,38.458242730305834,7.70322319118626,-59.17735207179655
2011-08-01,23.617182541227056,3.487244260195805,-28.252839188989654,58.60231722784748,22.01953432708157,-69.88703465017231,48.11118472048045,12.877606935351265,-58.65545879405825,39.593105970971735,8.230684188114486,-59.170977032060854
2011-09-01,24.11788930366228,3.5669870977139406,-28.247337540137117,60.44790607513158,24.040029134345822,-69.88598983168815,49.98209127639073,14.119021438967504,-58.6533833351869,41.48499803981957,9.053244065328588,-59.164195567423064
2011-10-03,22.835658237747698,3.3274409577625836,-28.24129704825069,56.344306984493016,19.543277846743504,-69.88457921654113,46.109259347119504,11.53915087810496,-58.65060440310097,37.762448153800854,7.426988818239958,-59.15516384150279
2011-11-01,23.862125054879456,3.5183147262300527,-28.234601992167306,59.56836717891929,23.008666046120144,-69.88268433737387,49.36858764763492,13.679958199868652,-58.64691272926991,41.047489008361474,8.847272318219222,-59.14325037732634
2011-12-01,23.563815914090657,3.4611723201914524,-28.22828751795974,58.6189511042319,21.924859679333107,-69.88111217164408,48.55888161625062,13.111105696025492,-58.64388510580736,40.32890573521881,8.513305592782599,-59.13355130149887
2012-01-03,23.95077559118507,3.5395623784205936,-28.221762721540244,59.72097767734413,23.24688097951876,-69.87940010390426,49.75494422427591,13.988333136660584,-58.640623882716184,41.58704675199104,9.121454229887105,-59.12317510592109
2012-02-01,21.929282046846804,3.170716266566415,-28.215016520473302,52.90868001331226,16.42982980252867,-69.87754921454729,41.80897346081438,9.216874844452864,-58.63623179503443,33.114858438792496,5.797917269011874,-59.1079438254837
2012-03-01,20.42359125230304,2.919591296926272,-28.208478288698245,47.82879884466084,12.605784142507185,-69.87592142899943,40.259096373689765,8.471753643136983,-58.634453756728846,33.03902315302311,5.7633852090026245,-59.104646553712335
2012-04-02,21.25890372826552,3.0549528363102323,-28.202102368322656,50.071724598715896,14.16754793839058,-69.87447252069366,41.36132493412323,8.985069305838413,-58.634324647920266,33.29012113315692,5.844022716321389,-59.10861001571068
2012-05-01,18.365753121272693,2.624575232834583,-28.195829572298457,40.80886913221819,8.770714694812812,-69.87315026101955,38.24201897418232,7.653545351754121,-58.63174052370035,32.96073359915715,5.770178775792311,-59.100234136966876
2012-06-01,17.662427112435847,2.5172135733093555,-28.18919604209328,37.90071398815697,7.47850466911782,-69.87165047107109,37.27735309082173,7.234183502224697,-58.62882184994205,32.52540127428927,5.6094010389008515,-59.090804988811584
2012-07-02,15.910756469959269,2.2910074952314945,-31.438198772127823,31.91895310179924,5.427682267532187,-75.1945629794446,35.11242497255698,6.441726320750636,-58.624537295718746,31.94215628979289,5.434455756601158,-59.07702260358325
2012-08-01,17.710204980193833,2.523824587903241,-31.416176897842597,37.07738540267936,7.158140790307267,-75.18995916780857,36.59112853546975,6.974795479716976,-58.620696585142525,31.43844196639466,5.291487032970844,-59.06472763934416
2012-09-04,16.2055909368485,2.329516328507366,-31.393436471086467,32.242333784793374,5.5317855980443955,-75.18502586347769,34.730277467129596,6.322210525809969,-58.61659870513882,30.9100155061963,5.149044443777871,-59.05167118334622
2012-10-01,14.154807272234432,2.094586077238703,-31.429339299442304,25.713372587232584,3.908112016957764,-77.9673019663931,32.42109865826941,5.61321987245182,-58.61284700239835,30.500183053276032,5.061523108074147,-59.03977322564149
2012-11-01,14.436718324895075,2.1183631420037567,-32.80246320777168,26.03078652838357,3.9550931820864506,-79.91484872019244,32.40767027773834,5.577727737336878,-58.60893529860053,30.040124051974125,4.910422455412657,-59.02742397720503
2012-12-03,15.31345194407035,2.2205330101870033,-32.75972890134603,27.975192914919244,4.394617073998539,-80.34249078864005,32.919658853756644,5.735845762734272,-58.60419200851301,29.511196824455965,4.774339715369988,-59.01252571673287
2013-01-02,13.345543788612755,2.0056241311786613,-32.71520503659586,21.78285986350214,3.158933497363001,-81.33303607845373,30.59561425081792,5.086641471635523,-58.598996015918836,28.991583228560238,4.664950594096052,-58.99630076865341
2013-02-01,15.349032327924114,2.224914066181447,-32.670250145727955,27.416847597439464,4.264666949763493,-81.31952642189508,32.20517017440587,5.520620165104257,-58.59378936842137,28.491311989407297,4.519373651755116,-58.98014151915343
2013-03-01,14.483403817938001,2.1223337207488453,-32.62385885799366,24.478753089856117,3.6334011673294953,-81.30510680201877,29.329764297037297,4.7204986326092495,-58.58826479688582,25.698856727715157,3.880799843326371,-58.963102890012856
2013-04-01,16.052585065818484,2.3185931732611205,-32.575423551115556,28.820754040656983,4.621203492074737,-81.2891447788927,33.77541410901866,6.034383171720709,-58.58218839121774,30.213633178157572,4.981923384614203,-58.944488683566696
2013-05-01,15.843248356495765,2.2824756666821666,-32.52597757384953,28.00567705079927,4.3955038685262595,-81.27263688312645,33.043263709354044,5.764453068692747,-58.575946980343616,29.570337716972507,4.782345736560609,-58.92550539881229
2013-06-03,17.342118887319696,2.475161993811542,-32.4759296165833,32.226710129115574,5.52362823934206,-81.25592989735641,37.37904317636293,7.278833354620638,-58.569674147728826,33.97095079158288,6.065971408245955,-58.9065643150284
2013-07-01,17.8757936256733,2.557294585488207,-32.4260246440782,33.64853631375362,5.9918510711085675,-81.23986333277071,38.903999991195256,7.934782608845349,-58.56368295177281,35.56305737984965,6.639388891306489,-58.88860122662554
2013-08-01,18.24001283165834,2.5965356335597454,-32.37308978196973,34.589575200474684,6.266064149849215,-81.22118186204894,39.95147628872745,8.33939533230412,-58.55676689019775,36.695648250146675,7.0129689636863874,-58.86801846022854
2013-09-03,17.715428791209796,2.524963491433523,-32.32152509651664,32.79876597775318,5.694645654540546,-81.20447047223028,38.22957801130622,7.614080185013469,-58.550625450206304,35.06444724672954,6.4303254339464875,-58.849877246686376
2013-10-01,16.51365770503365,2.3761737806994025,-32.267479058630066,29.027650047173005,4.671054299500194,-81.18584879958156,34.528486289117055,6.279924698590819,-58.54383178944826,31.465892825231357,5.32718597435522,-58.829957021120215
2013-11-01,16.168791961212715,2.323943349732908,-32.21413561308303,27.789641211028627,4.348600515363774,-81.1685962402872,33.362384603226175,5.8703708475862095,-58.5375839637974,30.386702358497132,5.0023022814168465,-58.8117726373296
2013-12-02,17.565944114505587,2.504449333064804,-32.16084598529777,31.869174777184416,5.416023128512753,-81.1519887254684,37.55438667976085,7.343412901084691,-58.53161139176676,34.63476900830691,6.2826813386233535,-58.79450932745196
2014-01-02,17.94565294534245,2.557901118849986,-32.10728003952216,32.971758170908714,5.753680137775276,-81.13584051972072,38.742946736652165,7.834148204628174,-58.52584278643946,35.890407714518915,6.728248536687778,-58.77794574774665
2014-02-03,18.87495199375293,2.6898579030961667,-32.05303156912851,35.68888444310359,6.65942119852171,-81.1197891035481,41.566868599130515,9.10521735189459,-58.52014627931877,38.768689337306725,7.849099105022418,-58.761694389744164
2014-03-03,19.337374494601217,2.754551745406542,-31.99472153949392,36.96848810428746,7.116434657868579,-81.10065692150789,42.962186888890294,9.778843496857561,-58.51340479599598,40.23439080620928,8.466280165259684,-58.742595550094734
2014-04-01,19.082648117288496,2.717773803907948,-31.93804680541096,36.17091971467725,6.823091028950502,-81.08377413881684,42.23467680371031,9.41617918900149,-58.507499143308635,39.5828356935598,8.18302133751592,-58.72598251534489
2014-05-01,17.833200790738772,2.54055427440678,-31.879062771793464,32.257113943634316,5.52983587108545,-81.06560886908869,38.362612277407315,7.66595556405594,-58.50118963875055,35.80597452434877,6.688682923145661,-58.70835376460749
2014-06-02,18.821230021645025,2.6926265114279113,-31.81669267985583,35.27663646726759,6.545246405638361,-81.0449290144519,41.51504942689697,9.12402093106357,-58.494062575468874,39.0247251129651,7.995066787048378,-58.688588692687475
2014-07-01,19.833335440299184,2.8294412343496855,-31.75441249397809,38.2265416461725,7.611241853577481,-81.02524873911176,44.5967427008828,10.65826965576896,-58.487334588406945,42.16680750621353,9.379090357007234,-58.67007275927223
2014-08-01,18.70730889485057,2.663643031877521,-31.692444184072343,34.582212987893925,6.267817855992663,-81.00682072393533,40.985915766987986,8.816034954997594,-58.48108239946765,38.64796930633445,7.787490680004296,-58.65298886681969
2014-09-02,19.13016447970953,2.7374530884349757,-31.627918494435704,35.60058223479181,6.6577578185493484,-80.98699456204426,42.11088018140053,9.412546046671107,-58.47440677188307,39.84120981888416,8.346747232737052,-58.63487692499103
2014-10-01,19.101491029178437,2.720932939715212,-31.564554057159434,35.43338141855846,6.560757571345061,-80.96919279114832,42.01571704851166,9.310373456273263,-58.46845724757706,39.81464992964683,8.286390055358744,-58.61884611253444
2014-11-03,19.08444288451678,2.7191511692199,-31.496995253533065,35.35098965321085,6.534844869456883,-80.94869893897948,42.021448962437624,9.318048243980538,-58.46165951763731,39.89566674750357,8.32624651904946,-58.6006566576654
2014-12-01,19.696539571984783,2.8220770396834802,-31.430380992098527,37.183614373890926,7.244030987873797,-80.92953622716851,44.00257791362855,10.396348911166216,-58.45591290559482,41.984107877384204,9.347464738886538,-58.58851877621891
2015-01-02,19.476751302739682,2.778787046886964,-31.36855532981756,36.48653190163286,6.950847581882285,-80.91101626609559,43.72183606130993,10.203499569312811,-58.45609913705194,41.87805044474252,9.25807399880338,-58.59852784374971
2015-02-02,19.679820922667194,2.8224837601044137,-31.303453373810708,37.0231368776468,7.195505493955696,-80.89053374156305,44.32794173286366,10.598366238787655,-58.449103043647234,42.535814609794485,9.64370059471298,-58.57924296159146
2015-03-02,18.944970664688658,2.709481543281987,-31.235157915183287,34.74702390225829,6.357469128312214,-80.86804019668483,42.084257374947256,9.394783542566428,-58.44145518896824,40.35971681554218,8.575500163241133,-58.55827324439642
2015-04-01,17.38850992489105,2.480743975066649,-31.16901014289699,29.84392916049783,4.8569528182823545,-80.84873144242034,37.41949685646668,7.2915618355108744,-58.43335017924779,35.7725996897695,6.677772744442342,-58.53470291447065
2015-05-01,17.50056414698564,2.4952212630071955,-31.097616662964377,28.82580023045529,4.596068976666011,-80.82577273106853,37.05419886556509,7.147984531930198,-58.41859302308849,35.125685569844144,6.448119491641678,-58.48778956212119
2015-06-01,18.667122731206288,2.6686968292380833,-31.026109231997722,32.34014841692068,5.584942927231356,-80.80400533890771,39.52964626149058,8.20285696351563,-58.42602368987222,36.89921589442546,7.1307698425326205,-58.52843444294265
2015-07-01,19.405730536966523,2.7645800205420485,-30.952698721217676,34.66632064311843,6.291733840809432,-80.78178215138365,41.919678276436564,9.254574106406181,-58.418368012453705,39.32135861458944,8.065008028264383,-58.50720052447831
2015-08-03,19.383067337141473,2.761925375146074,-30.874726157866938,34.6817130831545,6.299595595659219,-80.75667946699275,42.34937915185228,9.471515659240344,-58.417415600197685,39.938440622863055,8.337432526035919,-58.5159901506421
2015-09-01,19.70571278502574,2.8220722836930583,-30.796230395139247,35.70857931031705,6.689123243616781,-80.73259149531003,43.414286311182686,10.06923793089137,-58.40887818890208,41.031041127651655,8.879370596331297,-58.49197563071469
2015-10-01,20.460124109973172,2.9271841602462207,-30.70577484682744,38.089703052771966,7.55815064143886,-80.69704638733263,46.38369993547593,11.706876755025997,-58.40749821177177,44.26288250459601,10.476442945271183,-58.50525160452806
2015-11-02,20.956858798878137,3.0226738415600876,-30.61244124803363,39.509655459783325,8.206980296504183,-80.65961905562375,47.81188665200352,12.701759810055547,-58.39365700773138,45.71264054490966,11.383786861964316,-58.465617756922114
2015-12-01,20.34595972628526,2.909387144115895,-30.52550098535205,37.62140341722061,7.372653064809918,-80.63104236998211,45.864712344120996,11.394980990403633,-58.383027331316974,43.79987390129626,10.225804072837668,-58.43521025583003
2016-01-04,19.980550380564534,2.854831655615295,-30.435285011413036,36.5868759138786,6.985947671944299,-80.60105671405925,44.785813148233856,10.785839059286824,-58.37181574398079,42.75180277573163,9.691446638793156,-58.40316655284965
2016-02-01,19.993167248552336,2.868819946719784,-30.33647769710861,36.67622650037037,7.055238965256409,-80.56388053452807,44.860513042599074,10.884059612530677,-58.357832726940174,42.85365108514133,9.793925204400676,-58.3632426965478
2016-03-01,19.28259424181678,2.7575288453587405,-30.22789037590473,34.444951052012115,6.2484078565550325,-80.51635157419923,42.569520857394934,9.62550884368069,-58.33982068957152,40.60843654592134,8.678095099818854,-58.3118819968268
2016-04-01,18.27666017775409,2.601650036667156,-30.115369218860177,31.258924109041708,5.240084719209915,-80.46576814700668,38.7392029367248,7.8196466184811815,-58.32048261104536,36.507364642626996,6.942932243322028,-58.25682353971817
2016-05-02,20.65031476836825,2.9557420602159006,-30.002484295347465,38.37535783583543,7.66669544115444,-80.41759894262182,44.38008878887221,10.529822761668198,-58.301903869946315,41.35427954441192,8.978699435735622,-58.20400819170652
